customer_id,product_id,action_type,source,timestamp,_id,rating,action_score,customer_id_encoded,product_id_encoded
65c0b01cc5fec55b70d0fa01,67c0bcb246527d4bf49e4883,click,category_page,{'$date': '2025-06-26T00:07:20.793149Z'},record_1,,0.5,0,0
65c0b01cc5fec55b70d0fa01,67c0b29d46527d4bf49e485d,click,category_page,{'$date': '2025-06-25T00:07:20.793187Z'},record_2,,0.5,0,1
65c0b01cc5fec55b70d0fa01,67c0b8ddc5fec55b70d0fcab,click,category_page,{'$date': '2025-06-20T00:07:20.793192Z'},record_3,,0.5,0,2
65c0b01cc5fec55b70d0fa01,67c0b96dc5fec55b70d0fcad,click,category_page,{'$date': '2025-06-26T00:07:20.793277Z'},record_4,,0.5,0,3
65c0b01cc5fec55b70d0fa01,67c0b3ca46527d4bf49e4861,click,category_page,{'$date': '2025-06-20T00:07:20.793281Z'},record_5,,0.5,0,4
65c0b01cc5fec55b70d0fa01,67c0bed0c5fec55b70d0fcb4,order,order_page,{'$date': '2025-05-27T09:48:37.114791Z'},record_6,,3.0,0,5
65c0b01cc5fec55b70d0fa01,67c0cb3ac5fec55b70d0fcd1,order,order_page,{'$date': '2025-05-27T09:48:37.114791Z'},record_7,,3.0,0,6
65c0b01cc5fec55b70d0fa01,67c0b363c5fec55b70d0fca1,order,order_page,{'$date': '2025-05-27T09:48:37.114791Z'},record_8,,3.0,0,7
65c0b01cc5fec55b70d0fa01,67c0b2bac5fec55b70d0fc9f,order,order_page,{'$date': '2025-06-06T09:48:37.116033Z'},record_9,,3.0,0,8
65c0b01cc5fec55b70d0fa01,67c0d19bc5fec55b70d0fce4,order,order_page,{'$date': '2025-06-06T09:48:37.116033Z'},record_10,,3.0,0,9
65c0b01cc5fec55b70d0fa01,67c0b53046527d4bf49e4864,order,order_page,{'$date': '2025-06-06T09:48:37.116033Z'},record_11,,3.0,0,10
65c0b01cc5fec55b70d0fa01,67c0a04a46527d4bf49e483c,review,product_detail,{'$date': '2025-04-27T00:00:00.000Z'},record_12,4.0,4.0,0,11
65c0b01cc5fec55b70d0fa02,67c0cb3ac5fec55b70d0fcd1,click,category_page,{'$date': '2025-06-19T00:07:20.793322Z'},record_13,,0.5,1,6
65c0b01cc5fec55b70d0fa02,67c0cd80c5fec55b70d0fcd7,click,category_page,{'$date': '2025-06-20T00:07:20.793327Z'},record_14,,0.5,1,12
65c0b01cc5fec55b70d0fa02,67c0be0bc5fec55b70d0fcb1,click,category_page,{'$date': '2025-06-23T00:07:20.793331Z'},record_15,,0.5,1,13
65c0b01cc5fec55b70d0fa02,67c0c0c4c5fec55b70d0fcba,click,category_page,{'$date': '2025-06-22T00:07:20.793334Z'},record_16,,0.5,1,14
65c0b01cc5fec55b70d0fa02,67c0bc7d46527d4bf49e4882,click,category_page,{'$date': '2025-06-19T00:07:20.793337Z'},record_17,,0.5,1,15
65c0b01cc5fec55b70d0fa02,67c0b46f46527d4bf49e4863,order,order_page,{'$date': '2025-06-19T09:48:37.113917Z'},record_18,,3.0,1,16
65c0b01cc5fec55b70d0fa02,67c0b33646527d4bf49e485f,order,order_page,{'$date': '2025-06-19T09:48:37.113917Z'},record_19,,3.0,1,17
65c0b01cc5fec55b70d0fa02,67c0b77246527d4bf49e486b,order,order_page,{'$date': '2025-06-12T09:48:37.114856Z'},record_20,,3.0,1,18
65c0b01cc5fec55b70d0fa02,67c0b56b46527d4bf49e4865,order,order_page,{'$date': '2025-06-12T09:48:37.114856Z'},record_21,,3.0,1,19
65c0b01cc5fec55b70d0fa02,67c0a14646527d4bf49e483d,review,product_detail,{'$date': '2025-03-12T00:00:00.000Z'},record_22,5.0,5.0,1,20
65c0b01cc5fec55b70d0fa03,67c0c237c5fec55b70d0fcbd,click,category_page,{'$date': '2025-06-23T00:07:20.793362Z'},record_23,,0.5,2,21
65c0b01cc5fec55b70d0fa03,67c0bb9f46527d4bf49e487e,click,category_page,{'$date': '2025-06-21T00:07:20.793367Z'},record_24,,0.5,2,22
65c0b01cc5fec55b70d0fa03,67c0a62f46527d4bf49e4847,click,category_page,{'$date': '2025-06-25T00:07:20.793370Z'},record_25,,0.5,2,23
65c0b01cc5fec55b70d0fa03,67c0cb3ac5fec55b70d0fcd1,click,category_page,{'$date': '2025-06-22T00:07:20.793373Z'},record_26,,0.5,2,6
65c0b01cc5fec55b70d0fa03,67c0ce34c5fec55b70d0fcd9,click,category_page,{'$date': '2025-06-20T00:07:20.793376Z'},record_27,,0.5,2,24
65c0b01cc5fec55b70d0fa03,67c0c878c5fec55b70d0fcca,order,order_page,{'$date': '2025-06-10T09:48:37.113488Z'},record_28,,3.0,2,25
65c0b01cc5fec55b70d0fa03,67c0b9aac5fec55b70d0fcae,order,order_page,{'$date': '2025-06-16T09:48:37.113694Z'},record_29,,3.0,2,26
65c0b01cc5fec55b70d0fa03,67c0d233c5fec55b70d0fce6,order,order_page,{'$date': '2025-06-16T09:48:37.113694Z'},record_30,,3.0,2,27
65c0b01cc5fec55b70d0fa03,67c0b8a846527d4bf49e4870,order,order_page,{'$date': '2025-06-25T09:48:37.114471Z'},record_31,,3.0,2,28
65c0b01cc5fec55b70d0fa03,67c0c445c5fec55b70d0fcc1,order,order_page,{'$date': '2025-06-25T09:48:37.114471Z'},record_32,,3.0,2,29
65c0b01cc5fec55b70d0fa03,67c0a32346527d4bf49e483e,review,product_detail,{'$date': '2025-01-02T00:00:00.000Z'},record_33,5.0,5.0,2,30
65c0b01cc5fec55b70d0fa04,67c0a68146527d4bf49e4848,click,category_page,{'$date': '2025-06-26T00:07:20.793398Z'},record_34,,0.5,3,31
65c0b01cc5fec55b70d0fa04,67c0a3a946527d4bf49e4840,click,category_page,{'$date': '2025-06-18T00:07:20.793403Z'},record_35,,0.5,3,32
65c0b01cc5fec55b70d0fa04,67c0cf25c5fec55b70d0fcdc,click,category_page,{'$date': '2025-06-20T00:07:20.793406Z'},record_36,,0.5,3,33
65c0b01cc5fec55b70d0fa04,67c0c4abc5fec55b70d0fcc2,click,category_page,{'$date': '2025-06-23T00:07:20.793409Z'},record_37,,0.5,3,34
65c0b01cc5fec55b70d0fa04,67c0b9e846527d4bf49e4876,click,category_page,{'$date': '2025-06-27T00:07:20.793412Z'},record_38,,0.5,3,35
65c0b01cc5fec55b70d0fa04,67c0b2bac5fec55b70d0fc9f,order,order_page,{'$date': '2025-06-14T09:48:37.114652Z'},record_39,,3.0,3,8
65c0b01cc5fec55b70d0fa04,67c0c07bc5fec55b70d0fcb9,order,order_page,{'$date': '2025-06-21T09:48:37.115203Z'},record_40,,3.0,3,36
65c0b01cc5fec55b70d0fa04,67c0a3a946527d4bf49e4840,review,product_detail,{'$date': '2025-04-05T00:00:00.000Z'},record_41,4.0,4.0,3,32
65c0b01cc5fec55b70d0fa05,67c0b2bac5fec55b70d0fc9f,click,category_page,{'$date': '2025-06-19T00:07:20.793430Z'},record_42,,0.5,4,8
65c0b01cc5fec55b70d0fa05,67c0a32346527d4bf49e483e,click,category_page,{'$date': '2025-06-23T00:07:20.793434Z'},record_43,,0.5,4,30
65c0b01cc5fec55b70d0fa05,67c0a4b946527d4bf49e4843,order,order_page,{'$date': '2025-06-24T09:48:37.115302Z'},record_44,,3.0,4,37
65c0b01cc5fec55b70d0fa05,67c0b01cc5fec55b70d0fc9b,order,order_page,{'$date': '2025-06-24T09:48:37.115302Z'},record_45,,3.0,4,38
65c0b01cc5fec55b70d0fa05,67c0a62f46527d4bf49e4847,review,product_detail,{'$date': '2025-04-20T00:00:00.000Z'},record_46,5.0,5.0,4,23
65c0b01cc5fec55b70d0fa06,67c0ad5046527d4bf49e4857,click,category_page,{'$date': '2025-06-24T00:07:20.793452Z'},record_47,,0.5,5,39
65c0b01cc5fec55b70d0fa06,67c0ac1f46527d4bf49e4852,click,category_page,{'$date': '2025-06-18T00:07:20.793456Z'},record_48,,0.5,5,40
65c0b01cc5fec55b70d0fa06,67c0b87546527d4bf49e486f,click,category_page,{'$date': '2025-06-20T00:07:20.793459Z'},record_49,,0.5,5,41
65c0b01cc5fec55b70d0fa06,67c0b8eb46527d4bf49e4871,order,order_page,{'$date': '2025-06-12T09:48:37.113775Z'},record_50,,3.0,5,42
65c0b01cc5fec55b70d0fa06,67c0c237c5fec55b70d0fcbd,order,order_page,{'$date': '2025-06-22T09:48:37.115039Z'},record_51,,3.0,5,21
65c0b01cc5fec55b70d0fa06,67c0baf246527d4bf49e487b,order,order_page,{'$date': '2025-06-22T09:48:37.115039Z'},record_52,,3.0,5,43
65c0b01cc5fec55b70d0fa06,67c0ad1b46527d4bf49e4856,order,order_page,{'$date': '2025-06-22T09:48:37.115039Z'},record_53,,3.0,5,44
65c0b01cc5fec55b70d0fa06,67c0c2bdc5fec55b70d0fcbe,order,order_page,{'$date': '2025-06-25T09:48:37.115282Z'},record_54,,3.0,5,45
65c0b01cc5fec55b70d0fa06,67c0c156c5fec55b70d0fcbb,order,order_page,{'$date': '2025-06-25T09:48:37.115282Z'},record_55,,3.0,5,46
67d4505f242758bd00b20065,67c0c2bdc5fec55b70d0fcbe,click,category_page,{'$date': '2025-06-19T00:07:20.793480Z'},record_56,,0.5,6,45
67d4505f242758bd00b20065,67c0bcb246527d4bf49e4883,click,category_page,{'$date': '2025-06-20T00:07:20.793483Z'},record_57,,0.5,6,0
67d4505f242758bd00b20065,67c0d06fc5fec55b70d0fcdf,order,order_page,{'$date': '2025-06-09T09:48:37.114876Z'},record_58,,3.0,6,47
67d4505f242758bd00b20065,67c0bb6c46527d4bf49e487d,order,order_page,{'$date': '2025-06-09T09:48:37.114876Z'},record_59,,3.0,6,48
67d52724e8a5de782663fcec,67c0b97f46527d4bf49e4874,click,category_page,{'$date': '2025-06-25T00:07:20.793499Z'},record_60,,0.5,7,49
67d52724e8a5de782663fcec,67c0c8f0c5fec55b70d0fccb,click,category_page,{'$date': '2025-06-23T00:07:20.793502Z'},record_61,,0.5,7,50
67d52724e8a5de782663fcec,67c0c99ac5fec55b70d0fccd,click,category_page,{'$date': '2025-06-18T00:07:20.793506Z'},record_62,,0.5,7,51
67d52724e8a5de782663fcec,67c0b9b346527d4bf49e4875,order,order_page,{'$date': '2025-06-09T09:48:37.114133Z'},record_63,,3.0,7,52
67d52724e8a5de782663fcec,67c0b8a846527d4bf49e4870,order,order_page,{'$date': '2025-06-09T09:48:37.114133Z'},record_64,,3.0,7,28
67d52724e8a5de782663fcec,67c0b33646527d4bf49e485f,order,order_page,{'$date': '2025-06-09T09:48:37.114133Z'},record_65,,3.0,7,17
67d52724e8a5de782663fcec,67c0b4f1c5fec55b70d0fca5,order,order_page,{'$date': '2025-06-09T09:48:37.114375Z'},record_66,,3.0,7,53
67d52724e8a5de782663fcec,67c0b8eb46527d4bf49e4871,order,order_page,{'$date': '2025-06-09T09:48:37.114375Z'},record_67,,3.0,7,42
67d52724e8a5de782663fcec,67c0c156c5fec55b70d0fcbb,order,order_page,{'$date': '2025-06-09T09:48:37.114375Z'},record_68,,3.0,7,46
67d52724e8a5de782663fcec,67c0bc7d46527d4bf49e4882,order,order_page,{'$date': '2025-05-31T09:48:37.114594Z'},record_69,,3.0,7,15
EcVbs6rCk0eG1WyEfJNUhlwAWla2,67c0b43a46527d4bf49e4862,click,category_page,{'$date': '2025-06-20T00:07:20.793527Z'},record_70,,0.5,8,54
EcVbs6rCk0eG1WyEfJNUhlwAWla2,67c0ad1b46527d4bf49e4856,click,category_page,{'$date': '2025-06-21T00:07:20.793533Z'},record_71,,0.5,8,44
EcVbs6rCk0eG1WyEfJNUhlwAWla2,67c0caebc5fec55b70d0fcd0,click,category_page,{'$date': '2025-06-26T00:07:20.793537Z'},record_72,,0.5,8,55
EcVbs6rCk0eG1WyEfJNUhlwAWla2,67c0a3a946527d4bf49e4840,click,category_page,{'$date': '2025-06-21T00:07:20.793541Z'},record_73,,0.5,8,32
EcVbs6rCk0eG1WyEfJNUhlwAWla2,67c0c156c5fec55b70d0fcbb,click,category_page,{'$date': '2025-06-25T00:07:20.793545Z'},record_74,,0.5,8,46
EcVbs6rCk0eG1WyEfJNUhlwAWla2,67c0a32346527d4bf49e483e,wishlist,wishlist_page,{'$date': '2025-06-26T00:07:20.793552Z'},record_75,,1.0,8,30
EcVbs6rCk0eG1WyEfJNUhlwAWla2,67c0a04a46527d4bf49e483c,wishlist,wishlist_page,{'$date': '2025-06-26T00:07:20.793556Z'},record_76,,1.0,8,11
EcVbs6rCk0eG1WyEfJNUhlwAWla2,67c099e8ac22517ab6403a78,wishlist,wishlist_page,{'$date': '2025-06-21T00:07:20.793560Z'},record_77,,1.0,8,56
EcVbs6rCk0eG1WyEfJNUhlwAWla2,67c0d233c5fec55b70d0fce6,order,order_page,{'$date': '2025-06-17T09:48:37.114947Z'},record_78,,3.0,8,27
IPtOgpOrLjZSirOM4AARlBBgkZT2,67c0b8a846527d4bf49e4870,click,category_page,{'$date': '2025-06-24T00:07:20.793584Z'},record_79,,0.5,9,28
IPtOgpOrLjZSirOM4AARlBBgkZT2,67c0b6c146527d4bf49e4868,click,category_page,{'$date': '2025-06-23T00:07:20.793589Z'},record_80,,0.5,9,57
IPtOgpOrLjZSirOM4AARlBBgkZT2,67c0b25446527d4bf49e485c,click,category_page,{'$date': '2025-06-21T00:07:20.793593Z'},record_81,,0.5,9,58
IPtOgpOrLjZSirOM4AARlBBgkZT2,67c0b46f46527d4bf49e4863,click,category_page,{'$date': '2025-06-21T00:07:20.793597Z'},record_82,,0.5,9,16
IPtOgpOrLjZSirOM4AARlBBgkZT2,67c0c1e1c5fec55b70d0fcbc,click,category_page,{'$date': '2025-06-19T00:07:20.793602Z'},record_83,,0.5,9,59
IPtOgpOrLjZSirOM4AARlBBgkZT2,67c0abe646527d4bf49e4851,wishlist,wishlist_page,{'$date': '2025-06-23T00:07:20.793608Z'},record_84,,1.0,9,60
IPtOgpOrLjZSirOM4AARlBBgkZT2,67c0b61ac5fec55b70d0fca6,wishlist,wishlist_page,{'$date': '2025-06-22T00:07:20.793612Z'},record_85,,1.0,9,61
IPtOgpOrLjZSirOM4AARlBBgkZT2,67c0bf1ac5fec55b70d0fcb5,wishlist,wishlist_page,{'$date': '2025-06-25T00:07:20.793615Z'},record_86,,1.0,9,62
IPtOgpOrLjZSirOM4AARlBBgkZT2,67c0a5e246527d4bf49e4846,wishlist,wishlist_page,{'$date': '2025-06-26T00:07:20.793620Z'},record_87,,1.0,9,63
IPtOgpOrLjZSirOM4AARlBBgkZT2,67c0b7d2c5fec55b70d0fca9,wishlist,wishlist_page,{'$date': '2025-06-19T00:07:20.793624Z'},record_88,,1.0,9,64
IPtOgpOrLjZSirOM4AARlBBgkZT2,67c0b278c5fec55b70d0fc9e,wishlist,wishlist_page,{'$date': '2025-06-24T00:07:20.793628Z'},record_89,,1.0,9,65
IPtOgpOrLjZSirOM4AARlBBgkZT2,67c0cfe1c5fec55b70d0fcde,wishlist,wishlist_page,{'$date': '2025-06-23T00:07:20.793632Z'},record_90,,1.0,9,66
IPtOgpOrLjZSirOM4AARlBBgkZT2,67c0ad1b46527d4bf49e4856,wishlist,wishlist_page,{'$date': '2025-06-24T00:07:20.793635Z'},record_91,,1.0,9,44
IPtOgpOrLjZSirOM4AARlBBgkZT2,67c099e8ac22517ab6403a78,wishlist,wishlist_page,{'$date': '2025-06-19T00:07:20.793638Z'},record_92,,1.0,9,56
IPtOgpOrLjZSirOM4AARlBBgkZT2,67c0b8ddc5fec55b70d0fcab,wishlist,wishlist_page,{'$date': '2025-06-27T00:07:20.793640Z'},record_93,,1.0,9,2
IPtOgpOrLjZSirOM4AARlBBgkZT2,67c0babf46527d4bf49e487a,wishlist,wishlist_page,{'$date': '2025-06-27T00:07:20.793644Z'},record_94,,1.0,9,67
IPtOgpOrLjZSirOM4AARlBBgkZT2,67c0a14646527d4bf49e483d,wishlist,wishlist_page,{'$date': '2025-06-21T00:07:20.793652Z'},record_95,,1.0,9,20
IPtOgpOrLjZSirOM4AARlBBgkZT2,67c0b3bbc5fec55b70d0fca2,wishlist,wishlist_page,{'$date': '2025-06-22T00:07:20.793655Z'},record_96,,1.0,9,68
IPtOgpOrLjZSirOM4AARlBBgkZT2,67c0ac5846527d4bf49e4853,wishlist,wishlist_page,{'$date': '2025-06-27T00:07:20.793657Z'},record_97,,1.0,9,69
IPtOgpOrLjZSirOM4AARlBBgkZT2,67c0b5fa46527d4bf49e4867,wishlist,wishlist_page,{'$date': '2025-06-23T00:07:20.793660Z'},record_98,,1.0,9,70
IPtOgpOrLjZSirOM4AARlBBgkZT2,67c0c1e1c5fec55b70d0fcbc,wishlist,wishlist_page,{'$date': '2025-06-20T00:07:20.793665Z'},record_99,,1.0,9,59
IPtOgpOrLjZSirOM4AARlBBgkZT2,67c0bd5e46527d4bf49e4886,wishlist,wishlist_page,{'$date': '2025-06-27T00:07:20.793667Z'},record_100,,1.0,9,71
IPtOgpOrLjZSirOM4AARlBBgkZT2,67c0b882c5fec55b70d0fcaa,wishlist,wishlist_page,{'$date': '2025-06-27T00:07:20.793670Z'},record_101,,1.0,9,72
Mg98H9tSn5SFepSAQ2qpcaFX3cx2,67c0cf25c5fec55b70d0fcdc,click,category_page,{'$date': '2025-06-20T00:07:20.793686Z'},record_102,,0.5,10,33
Mg98H9tSn5SFepSAQ2qpcaFX3cx2,67c0c4abc5fec55b70d0fcc2,click,category_page,{'$date': '2025-06-21T00:07:20.793690Z'},record_103,,0.5,10,34
Mg98H9tSn5SFepSAQ2qpcaFX3cx2,67c0a04a46527d4bf49e483c,wishlist,wishlist_page,{'$date': '2025-06-18T00:07:20.793695Z'},record_104,,1.0,10,11
Mg98H9tSn5SFepSAQ2qpcaFX3cx2,67c099e8ac22517ab6403a78,wishlist,wishlist_page,{'$date': '2025-06-26T00:07:20.793697Z'},record_105,,1.0,10,56
Mg98H9tSn5SFepSAQ2qpcaFX3cx2,67c0c946c5fec55b70d0fccc,wishlist,wishlist_page,{'$date': '2025-06-22T00:07:20.793700Z'},record_106,,1.0,10,73
Mg98H9tSn5SFepSAQ2qpcaFX3cx2,67c0d0b4c5fec55b70d0fce0,wishlist,wishlist_page,{'$date': '2025-06-26T00:07:20.793703Z'},record_107,,1.0,10,74
Mg98H9tSn5SFepSAQ2qpcaFX3cx2,67c0ace146527d4bf49e4855,wishlist,wishlist_page,{'$date': '2025-06-18T00:07:20.793705Z'},record_108,,1.0,10,75
Mg98H9tSn5SFepSAQ2qpcaFX3cx2,67c0ac9a46527d4bf49e4854,wishlist,wishlist_page,{'$date': '2025-06-25T00:07:20.793708Z'},record_109,,1.0,10,76
TUM2AKfTToQNK3CQwnqU2AvObwi2,67c0cd30c5fec55b70d0fcd6,click,category_page,{'$date': '2025-06-27T00:07:20.793723Z'},record_110,,0.5,11,77
TUM2AKfTToQNK3CQwnqU2AvObwi2,67c0a62f46527d4bf49e4847,click,category_page,{'$date': '2025-06-21T00:07:20.793728Z'},record_111,,0.5,11,23
TUM2AKfTToQNK3CQwnqU2AvObwi2,67c0b56b46527d4bf49e4865,click,category_page,{'$date': '2025-06-24T00:07:20.793731Z'},record_112,,0.5,11,19
TUM2AKfTToQNK3CQwnqU2AvObwi2,67c099e8ac22517ab6403a78,wishlist,wishlist_page,{'$date': '2025-06-22T00:07:20.793735Z'},record_113,,1.0,11,56
TUM2AKfTToQNK3CQwnqU2AvObwi2,67c0bd5e46527d4bf49e4886,wishlist,wishlist_page,{'$date': '2025-06-25T00:07:20.793738Z'},record_114,,1.0,11,71
TUM2AKfTToQNK3CQwnqU2AvObwi2,67c0b363c5fec55b70d0fca1,wishlist,wishlist_page,{'$date': '2025-06-22T00:07:20.793741Z'},record_115,,1.0,11,7
TUM2AKfTToQNK3CQwnqU2AvObwi2,67c0b1e9c5fec55b70d0fc9d,wishlist,wishlist_page,{'$date': '2025-06-19T00:07:20.793744Z'},record_116,,1.0,11,78
TUM2AKfTToQNK3CQwnqU2AvObwi2,67c0b53046527d4bf49e4864,order,order_page,{'$date': '2025-06-01T09:48:37.114835Z'},record_117,,3.0,11,10
TUM2AKfTToQNK3CQwnqU2AvObwi2,67c0d16fc5fec55b70d0fce3,order,order_page,{'$date': '2025-06-01T09:48:37.114835Z'},record_118,,3.0,11,79
3a1fbc264ed84dbe890da9a7,67c0b6c146527d4bf49e4868,click,category_page,{'$date': '2025-06-19T00:07:20.793761Z'},record_119,,0.5,12,57
3a1fbc264ed84dbe890da9a7,67c0abb046527d4bf49e4850,click,category_page,{'$date': '2025-06-23T00:07:20.793764Z'},record_120,,0.5,12,80
3a1fbc264ed84dbe890da9a7,67c0ba8846527d4bf49e4879,order,order_page,{'$date': '2025-06-19T09:48:37.113574Z'},record_121,,3.0,12,81
3a1fbc264ed84dbe890da9a7,67c0cf25c5fec55b70d0fcdc,order,order_page,{'$date': '2025-06-19T09:48:37.113574Z'},record_122,,3.0,12,33
2401b7a660d04b868015bbdc,67c0c6bbc5fec55b70d0fcc8,click,category_page,{'$date': '2025-06-25T00:07:20.793780Z'},record_123,,0.5,13,82
2401b7a660d04b868015bbdc,67c0bc0e46527d4bf49e4880,click,category_page,{'$date': '2025-06-25T00:07:20.793783Z'},record_124,,0.5,13,83
2401b7a660d04b868015bbdc,67c0ca12c5fec55b70d0fcce,click,category_page,{'$date': '2025-06-20T00:07:20.793787Z'},record_125,,0.5,13,84
2401b7a660d04b868015bbdc,67c0cb3ac5fec55b70d0fcd1,click,category_page,{'$date': '2025-06-24T00:07:20.793790Z'},record_126,,0.5,13,6
6108b1a1c4bf42ffb4d29208,67c0b97f46527d4bf49e4874,click,category_page,{'$date': '2025-06-20T00:07:20.793806Z'},record_127,,0.5,14,49
6108b1a1c4bf42ffb4d29208,67c0b18cc5fec55b70d0fc9c,click,category_page,{'$date': '2025-06-26T00:07:20.793809Z'},record_128,,0.5,14,85
6108b1a1c4bf42ffb4d29208,67c0b7d2c5fec55b70d0fca9,click,category_page,{'$date': '2025-06-18T00:07:20.793812Z'},record_129,,0.5,14,64
6108b1a1c4bf42ffb4d29208,67c0b4f1c5fec55b70d0fca5,order,order_page,{'$date': '2025-05-27T09:48:37.113753Z'},record_130,,3.0,14,53
cdb16697a6884b28b95f1155,67c0b95446527d4bf49e4873,click,category_page,{'$date': '2025-06-25T00:07:20.793830Z'},record_131,,0.5,15,86
cdb16697a6884b28b95f1155,67c0ad1b46527d4bf49e4856,click,category_page,{'$date': '2025-06-26T00:07:20.793833Z'},record_132,,0.5,15,44
cdb16697a6884b28b95f1155,67c0c946c5fec55b70d0fccc,click,category_page,{'$date': '2025-06-25T00:07:20.793837Z'},record_133,,0.5,15,73
cdb16697a6884b28b95f1155,67c0b8ddc5fec55b70d0fcab,click,category_page,{'$date': '2025-06-20T00:07:20.793840Z'},record_134,,0.5,15,2
cdb16697a6884b28b95f1155,67c0b87546527d4bf49e486f,order,order_page,{'$date': '2025-06-02T09:48:37.114064Z'},record_135,,3.0,15,41
cdb16697a6884b28b95f1155,67c0d16fc5fec55b70d0fce3,order,order_page,{'$date': '2025-06-02T09:48:37.114064Z'},record_136,,3.0,15,79
cdb16697a6884b28b95f1155,67c0c878c5fec55b70d0fcca,order,order_page,{'$date': '2025-06-02T09:48:37.114064Z'},record_137,,3.0,15,25
f57ceb31d8bf4fa1bb315299,67c0be0bc5fec55b70d0fcb1,click,category_page,{'$date': '2025-06-19T00:07:20.793858Z'},record_138,,0.5,16,13
f57ceb31d8bf4fa1bb315299,67c0b9e846527d4bf49e4876,click,category_page,{'$date': '2025-06-27T00:07:20.793861Z'},record_139,,0.5,16,35
f57ceb31d8bf4fa1bb315299,67c0ca12c5fec55b70d0fcce,click,category_page,{'$date': '2025-06-19T00:07:20.793864Z'},record_140,,0.5,16,84
f57ceb31d8bf4fa1bb315299,67c0c99ac5fec55b70d0fccd,order,order_page,{'$date': '2025-05-29T09:48:37.114770Z'},record_141,,3.0,16,51
f57ceb31d8bf4fa1bb315299,67c0b7fb46527d4bf49e486d,order,order_page,{'$date': '2025-05-29T09:48:37.114770Z'},record_142,,3.0,16,87
f57ceb31d8bf4fa1bb315299,67c0ad5046527d4bf49e4857,order,order_page,{'$date': '2025-06-03T09:48:37.114919Z'},record_143,,3.0,16,39
e093ec006c2e41db8855af5b,67c0b418c5fec55b70d0fca3,click,category_page,{'$date': '2025-06-23T00:07:20.793884Z'},record_144,,0.5,17,88
e093ec006c2e41db8855af5b,67c0d0b4c5fec55b70d0fce0,click,category_page,{'$date': '2025-06-25T00:07:20.793887Z'},record_145,,0.5,17,74
e093ec006c2e41db8855af5b,67c0b7fb46527d4bf49e486d,click,category_page,{'$date': '2025-06-23T00:07:20.793890Z'},record_146,,0.5,17,87
e093ec006c2e41db8855af5b,67c0cb90c5fec55b70d0fcd2,click,category_page,{'$date': '2025-06-18T00:07:20.793894Z'},record_147,,0.5,17,89
e093ec006c2e41db8855af5b,67c0ca12c5fec55b70d0fcce,click,category_page,{'$date': '2025-06-20T00:07:20.793897Z'},record_148,,0.5,17,84
e093ec006c2e41db8855af5b,67c0bd8bc5fec55b70d0fcaf,order,order_page,{'$date': '2025-06-09T09:48:37.114976Z'},record_149,,3.0,17,90
e093ec006c2e41db8855af5b,67c0c54dc5fec55b70d0fcc4,order,order_page,{'$date': '2025-06-09T09:48:37.114976Z'},record_150,,3.0,17,91
e093ec006c2e41db8855af5b,67c0c78ec5fec55b70d0fcc9,order,order_page,{'$date': '2025-06-09T09:48:37.114976Z'},record_151,,3.0,17,92
e093ec006c2e41db8855af5b,67c0ace146527d4bf49e4855,order,order_page,{'$date': '2025-05-27T09:48:37.115611Z'},record_152,,3.0,17,75
a282ba671ad247d7a9bdf9cd,67c0a68146527d4bf49e4848,click,category_page,{'$date': '2025-06-19T00:07:20.793917Z'},record_153,,0.5,18,31
a282ba671ad247d7a9bdf9cd,67c0b83c46527d4bf49e486e,click,category_page,{'$date': '2025-06-20T00:07:20.793920Z'},record_154,,0.5,18,93
a282ba671ad247d7a9bdf9cd,67c0a53446527d4bf49e4844,click,category_page,{'$date': '2025-06-19T00:07:20.793924Z'},record_155,,0.5,18,94
a282ba671ad247d7a9bdf9cd,67c0bd5e46527d4bf49e4886,click,category_page,{'$date': '2025-06-24T00:07:20.793927Z'},record_156,,0.5,18,71
a282ba671ad247d7a9bdf9cd,67c0a40d46527d4bf49e4841,order,order_page,{'$date': '2025-05-31T09:48:37.114216Z'},record_157,,3.0,18,95
a282ba671ad247d7a9bdf9cd,67c0b01cc5fec55b70d0fc9b,order,order_page,{'$date': '2025-06-08T09:48:37.115161Z'},record_158,,3.0,18,38
a282ba671ad247d7a9bdf9cd,67c0baf246527d4bf49e487b,order,order_page,{'$date': '2025-06-08T09:48:37.115161Z'},record_159,,3.0,18,43
a46820b0731f4f94b542b828,67c0bcf046527d4bf49e4884,click,category_page,{'$date': '2025-06-18T00:07:20.793945Z'},record_160,,0.5,19,96
a46820b0731f4f94b542b828,67c0a6c946527d4bf49e4849,click,category_page,{'$date': '2025-06-23T00:07:20.793949Z'},record_161,,0.5,19,97
a46820b0731f4f94b542b828,67c0ca83c5fec55b70d0fccf,click,category_page,{'$date': '2025-06-21T00:07:20.793952Z'},record_162,,0.5,19,98
a46820b0731f4f94b542b828,67c0b2ff46527d4bf49e485e,click,category_page,{'$date': '2025-06-19T00:07:20.793956Z'},record_163,,0.5,19,99
a46820b0731f4f94b542b828,67c0d0b4c5fec55b70d0fce0,order,order_page,{'$date': '2025-06-12T09:48:37.114491Z'},record_164,,3.0,19,74
a46820b0731f4f94b542b828,67c0c445c5fec55b70d0fcc1,order,order_page,{'$date': '2025-06-12T09:48:37.114491Z'},record_165,,3.0,19,29
a46820b0731f4f94b542b828,67c0d0b4c5fec55b70d0fce0,order,order_page,{'$date': '2025-06-12T09:48:37.114491Z'},record_166,,3.0,19,74
a46820b0731f4f94b542b828,67c0b663c5fec55b70d0fca7,order,order_page,{'$date': '2025-06-16T09:48:37.115019Z'},record_167,,3.0,19,100
2e8378aa47d548d9b4b47335,67c0cb90c5fec55b70d0fcd2,click,category_page,{'$date': '2025-06-24T00:07:20.793978Z'},record_168,,0.5,20,89
2e8378aa47d548d9b4b47335,67c0ac9a46527d4bf49e4854,click,category_page,{'$date': '2025-06-24T00:07:20.793981Z'},record_169,,0.5,20,76
2e8378aa47d548d9b4b47335,67c0c878c5fec55b70d0fcca,click,category_page,{'$date': '2025-06-25T00:07:20.793984Z'},record_170,,0.5,20,25
2e8378aa47d548d9b4b47335,67c0b3bbc5fec55b70d0fca2,click,category_page,{'$date': '2025-06-20T00:07:20.793987Z'},record_171,,0.5,20,68
2e8378aa47d548d9b4b47335,67c0b8a846527d4bf49e4870,click,category_page,{'$date': '2025-06-26T00:07:20.793990Z'},record_172,,0.5,20,28
2e8378aa47d548d9b4b47335,67c0b38c46527d4bf49e4860,order,order_page,{'$date': '2025-06-04T09:48:37.113656Z'},record_173,,3.0,20,101
3b30b0ccbe36446bbf6dc2fd,67c0a53446527d4bf49e4844,click,category_page,{'$date': '2025-06-20T00:07:20.794008Z'},record_174,,0.5,21,94
3b30b0ccbe36446bbf6dc2fd,67c0c65dc5fec55b70d0fcc7,click,category_page,{'$date': '2025-06-23T00:07:20.794011Z'},record_175,,0.5,21,102
7d57f5c0fc574a938ba5d8e2,67c0b9e846527d4bf49e4876,click,category_page,{'$date': '2025-06-22T00:07:20.794026Z'},record_176,,0.5,22,35
7d57f5c0fc574a938ba5d8e2,67c0ce34c5fec55b70d0fcd9,click,category_page,{'$date': '2025-06-19T00:07:20.794029Z'},record_177,,0.5,22,24
7d57f5c0fc574a938ba5d8e2,67c0ac5846527d4bf49e4853,order,order_page,{'$date': '2025-06-15T09:48:37.115383Z'},record_178,,3.0,22,69
4c75afe42a0e405298563d9a,67c0c99ac5fec55b70d0fccd,click,category_page,{'$date': '2025-06-19T00:07:20.794046Z'},record_179,,0.5,23,51
4c75afe42a0e405298563d9a,67c0bcb246527d4bf49e4883,click,category_page,{'$date': '2025-06-25T00:07:20.794050Z'},record_180,,0.5,23,0
4c75afe42a0e405298563d9a,67c0a32346527d4bf49e483e,order,order_page,{'$date': '2025-06-02T09:48:37.114318Z'},record_181,,3.0,23,30
4c75afe42a0e405298563d9a,67c0b882c5fec55b70d0fcaa,order,order_page,{'$date': '2025-06-18T09:48:37.115323Z'},record_182,,3.0,23,72
4c75afe42a0e405298563d9a,67c0b8eb46527d4bf49e4871,order,order_page,{'$date': '2025-06-18T09:48:37.115323Z'},record_183,,3.0,23,42
4c75afe42a0e405298563d9a,67c0d19bc5fec55b70d0fce4,order,order_page,{'$date': '2025-06-18T09:48:37.115323Z'},record_184,,3.0,23,9
4c75afe42a0e405298563d9a,67c0b8a846527d4bf49e4870,order,order_page,{'$date': '2025-06-08T09:48:37.115463Z'},record_185,,3.0,23,28
4c75afe42a0e405298563d9a,67c0bf1ac5fec55b70d0fcb5,order,order_page,{'$date': '2025-06-08T09:48:37.115463Z'},record_186,,3.0,23,62
607e9080c1354cd6a59f9ec0,67c0ace146527d4bf49e4855,click,category_page,{'$date': '2025-06-19T00:07:20.794071Z'},record_187,,0.5,24,75
607e9080c1354cd6a59f9ec0,67c0b83c46527d4bf49e486e,click,category_page,{'$date': '2025-06-21T00:07:20.794074Z'},record_188,,0.5,24,93
607e9080c1354cd6a59f9ec0,67c0bf1ac5fec55b70d0fcb5,click,category_page,{'$date': '2025-06-27T00:07:20.794077Z'},record_189,,0.5,24,62
607e9080c1354cd6a59f9ec0,67c0bf1ac5fec55b70d0fcb5,order,order_page,{'$date': '2025-06-22T09:48:37.114002Z'},record_190,,3.0,24,62
607e9080c1354cd6a59f9ec0,67c0ba1846527d4bf49e4877,order,order_page,{'$date': '2025-06-25T09:48:37.114357Z'},record_191,,3.0,24,103
607e9080c1354cd6a59f9ec0,67c0baf246527d4bf49e487b,order,order_page,{'$date': '2025-06-03T09:48:37.115483Z'},record_192,,3.0,24,43
607e9080c1354cd6a59f9ec0,67c0b46f46527d4bf49e4863,order,order_page,{'$date': '2025-06-03T09:48:37.115483Z'},record_193,,3.0,24,16
607e9080c1354cd6a59f9ec0,67c0a40d46527d4bf49e4841,order,order_page,{'$date': '2025-06-03T09:48:37.115483Z'},record_194,,3.0,24,95
b2b5a0592a1640049e6511d2,67c0d233c5fec55b70d0fce6,click,category_page,{'$date': '2025-06-26T00:07:20.794098Z'},record_195,,0.5,25,27
b2b5a0592a1640049e6511d2,67c0b278c5fec55b70d0fc9e,click,category_page,{'$date': '2025-06-27T00:07:20.794102Z'},record_196,,0.5,25,65
b2b5a0592a1640049e6511d2,67c0cd30c5fec55b70d0fcd6,click,category_page,{'$date': '2025-06-20T00:07:20.794105Z'},record_197,,0.5,25,77
b2b5a0592a1640049e6511d2,67c0cd80c5fec55b70d0fcd7,click,category_page,{'$date': '2025-06-25T00:07:20.794109Z'},record_198,,0.5,25,12
b2b5a0592a1640049e6511d2,67c0d233c5fec55b70d0fce6,order,order_page,{'$date': '2025-06-15T09:48:37.113372Z'},record_199,,3.0,25,27
b2b5a0592a1640049e6511d2,67c0c354c5fec55b70d0fcbf,order,order_page,{'$date': '2025-06-15T09:48:37.113372Z'},record_200,,3.0,25,104
b2b5a0592a1640049e6511d2,67c0c07bc5fec55b70d0fcb9,order,order_page,{'$date': '2025-06-18T09:48:37.115505Z'},record_201,,3.0,25,36
ada838c7207442439c3de004,67c0baf246527d4bf49e487b,click,category_page,{'$date': '2025-06-22T00:07:20.794127Z'},record_202,,0.5,26,43
ada838c7207442439c3de004,67c0b19b46527d4bf49e485a,click,category_page,{'$date': '2025-06-25T00:07:20.794130Z'},record_203,,0.5,26,105
ada838c7207442439c3de004,67c0cc64c5fec55b70d0fcd4,click,category_page,{'$date': '2025-06-24T00:07:20.794134Z'},record_204,,0.5,26,106
ada838c7207442439c3de004,67c0c354c5fec55b70d0fcbf,click,category_page,{'$date': '2025-06-27T00:07:20.794137Z'},record_205,,0.5,26,104
ada838c7207442439c3de004,67c0a32346527d4bf49e483e,click,category_page,{'$date': '2025-06-23T00:07:20.794141Z'},record_206,,0.5,26,30
ada838c7207442439c3de004,67c0c5b2c5fec55b70d0fcc5,order,order_page,{'$date': '2025-05-31T09:48:37.114573Z'},record_207,,3.0,26,107
ada838c7207442439c3de004,67c0d0b4c5fec55b70d0fce0,order,order_page,{'$date': '2025-05-31T09:48:37.114573Z'},record_208,,3.0,26,74
ada838c7207442439c3de004,67c0b83c46527d4bf49e486e,order,order_page,{'$date': '2025-06-10T09:48:37.116089Z'},record_209,,3.0,26,93
a4c169fa743e47b799baabdf,67c0c78ec5fec55b70d0fcc9,click,category_page,{'$date': '2025-06-22T00:07:20.794159Z'},record_210,,0.5,27,92
a4c169fa743e47b799baabdf,67c0b53046527d4bf49e4864,click,category_page,{'$date': '2025-06-21T00:07:20.794162Z'},record_211,,0.5,27,10
50d091b960924618a163797c,67c0b01cc5fec55b70d0fc9b,click,category_page,{'$date': '2025-06-23T00:07:20.794177Z'},record_212,,0.5,28,38
50d091b960924618a163797c,67c0b25446527d4bf49e485c,click,category_page,{'$date': '2025-06-25T00:07:20.794180Z'},record_213,,0.5,28,58
50d091b960924618a163797c,67c0c54dc5fec55b70d0fcc4,click,category_page,{'$date': '2025-06-21T00:07:20.794184Z'},record_214,,0.5,28,91
b5e28e7de5b14799bab80686,67c0bc7d46527d4bf49e4882,click,category_page,{'$date': '2025-06-23T00:07:20.794199Z'},record_215,,0.5,29,15
b5e28e7de5b14799bab80686,67c0ce89c5fec55b70d0fcda,click,category_page,{'$date': '2025-06-19T00:07:20.794202Z'},record_216,,0.5,29,108
b5e28e7de5b14799bab80686,67c0cd30c5fec55b70d0fcd6,click,category_page,{'$date': '2025-06-25T00:07:20.794205Z'},record_217,,0.5,29,77
b5e28e7de5b14799bab80686,67c0b43a46527d4bf49e4862,order,order_page,{'$date': '2025-06-22T09:48:37.115444Z'},record_218,,3.0,29,54
b5e28e7de5b14799bab80686,67c0ac5846527d4bf49e4853,order,order_page,{'$date': '2025-06-14T09:48:37.115555Z'},record_219,,3.0,29,69
6a1acc93f33d487481dd54d0,67c0b769c5fec55b70d0fca8,click,category_page,{'$date': '2025-06-25T00:07:20.794221Z'},record_220,,0.5,30,109
6a1acc93f33d487481dd54d0,67c0a6c946527d4bf49e4849,click,category_page,{'$date': '2025-06-26T00:07:20.794224Z'},record_221,,0.5,30,97
6a1acc93f33d487481dd54d0,67c0b9aac5fec55b70d0fcae,order,order_page,{'$date': '2025-06-13T09:48:37.113867Z'},record_222,,3.0,30,26
6a1acc93f33d487481dd54d0,67c0baf246527d4bf49e487b,order,order_page,{'$date': '2025-06-08T09:48:37.113958Z'},record_223,,3.0,30,43
6a1acc93f33d487481dd54d0,67c0b7fb46527d4bf49e486d,order,order_page,{'$date': '2025-06-24T09:48:37.114396Z'},record_224,,3.0,30,87
6a1acc93f33d487481dd54d0,67c0baf246527d4bf49e487b,order,order_page,{'$date': '2025-06-24T09:48:37.114396Z'},record_225,,3.0,30,43
6a1acc93f33d487481dd54d0,67c0bb1e46527d4bf49e487c,order,order_page,{'$date': '2025-06-24T09:48:37.114396Z'},record_226,,3.0,30,110
6a1acc93f33d487481dd54d0,67c0b8eb46527d4bf49e4871,order,order_page,{'$date': '2025-06-19T09:48:37.114729Z'},record_227,,3.0,30,42
6a1acc93f33d487481dd54d0,67c0bb9f46527d4bf49e487e,order,order_page,{'$date': '2025-06-19T09:48:37.114729Z'},record_228,,3.0,30,22
8ddef91ceb924076a1215455,67c0d19bc5fec55b70d0fce4,click,category_page,{'$date': '2025-06-24T00:07:20.794268Z'},record_229,,0.5,31,9
8ddef91ceb924076a1215455,67c0b9b346527d4bf49e4875,click,category_page,{'$date': '2025-06-27T00:07:20.794272Z'},record_230,,0.5,31,52
8ddef91ceb924076a1215455,67c0ca83c5fec55b70d0fccf,click,category_page,{'$date': '2025-06-18T00:07:20.794276Z'},record_231,,0.5,31,98
8ddef91ceb924076a1215455,67c0b769c5fec55b70d0fca8,click,category_page,{'$date': '2025-06-20T00:07:20.794279Z'},record_232,,0.5,31,109
8ddef91ceb924076a1215455,67c0b77246527d4bf49e486b,order,order_page,{'$date': '2025-06-02T09:48:37.114111Z'},record_233,,3.0,31,18
8ddef91ceb924076a1215455,67c0a5e246527d4bf49e4846,order,order_page,{'$date': '2025-06-02T09:48:37.114111Z'},record_234,,3.0,31,63
693337ff6cab4870ac3d339f,67c0a04a46527d4bf49e483c,click,category_page,{'$date': '2025-06-21T00:07:20.794301Z'},record_235,,0.5,32,11
693337ff6cab4870ac3d339f,67c0c0c4c5fec55b70d0fcba,click,category_page,{'$date': '2025-06-20T00:07:20.794306Z'},record_236,,0.5,32,14
693337ff6cab4870ac3d339f,67c0d19bc5fec55b70d0fce4,click,category_page,{'$date': '2025-06-21T00:07:20.794311Z'},record_237,,0.5,32,9
693337ff6cab4870ac3d339f,67c0d19bc5fec55b70d0fce4,click,category_page,{'$date': '2025-06-26T00:07:20.794316Z'},record_238,,0.5,32,9
693337ff6cab4870ac3d339f,67c0ac9a46527d4bf49e4854,order,order_page,{'$date': '2025-06-12T09:48:37.113554Z'},record_239,,3.0,32,76
693337ff6cab4870ac3d339f,67c0a32346527d4bf49e483e,order,order_page,{'$date': '2025-06-12T09:48:37.114702Z'},record_240,,3.0,32,30
693337ff6cab4870ac3d339f,67c0ac9a46527d4bf49e4854,order,order_page,{'$date': '2025-06-12T09:48:37.114702Z'},record_241,,3.0,32,76
62272a705e3b42848541ef1c,67c0a6c946527d4bf49e4849,click,category_page,{'$date': '2025-06-23T00:07:20.794342Z'},record_242,,0.5,33,97
62272a705e3b42848541ef1c,67c0cef1c5fec55b70d0fcdb,click,category_page,{'$date': '2025-06-26T00:07:20.794347Z'},record_243,,0.5,33,111
62272a705e3b42848541ef1c,67c0c1e1c5fec55b70d0fcbc,click,category_page,{'$date': '2025-06-27T00:07:20.794351Z'},record_244,,0.5,33,59
62272a705e3b42848541ef1c,67c0b7d2c5fec55b70d0fca9,order,order_page,{'$date': '2025-06-15T09:48:37.113533Z'},record_245,,3.0,33,64
62272a705e3b42848541ef1c,67c0ba1846527d4bf49e4877,order,order_page,{'$date': '2025-06-15T09:48:37.113533Z'},record_246,,3.0,33,103
62272a705e3b42848541ef1c,67c0b3bbc5fec55b70d0fca2,order,order_page,{'$date': '2025-06-10T09:48:37.113818Z'},record_247,,3.0,33,68
62272a705e3b42848541ef1c,67c0c78ec5fec55b70d0fcc9,order,order_page,{'$date': '2025-06-10T09:48:37.113818Z'},record_248,,3.0,33,92
62272a705e3b42848541ef1c,67c0ca12c5fec55b70d0fcce,order,order_page,{'$date': '2025-06-10T09:48:37.113818Z'},record_249,,3.0,33,84
62272a705e3b42848541ef1c,67c0ba5946527d4bf49e4878,order,order_page,{'$date': '2025-06-06T09:48:37.114671Z'},record_250,,3.0,33,112
62272a705e3b42848541ef1c,67c0c445c5fec55b70d0fcc1,order,order_page,{'$date': '2025-06-06T09:48:37.114671Z'},record_251,,3.0,33,29
d9745ccff8f24affafac5080,67c0c354c5fec55b70d0fcbf,click,category_page,{'$date': '2025-06-19T00:07:20.794378Z'},record_252,,0.5,34,104
d9745ccff8f24affafac5080,67c0caebc5fec55b70d0fcd0,click,category_page,{'$date': '2025-06-27T00:07:20.794384Z'},record_253,,0.5,34,55
d9745ccff8f24affafac5080,67c0cb90c5fec55b70d0fcd2,order,order_page,{'$date': '2025-06-23T09:48:37.114296Z'},record_254,,3.0,34,89
d9745ccff8f24affafac5080,67c0a6c946527d4bf49e4849,order,order_page,{'$date': '2025-06-23T09:48:37.114296Z'},record_255,,3.0,34,97
1d0c3e8df34d4e1780af654e,67c0b8ddc5fec55b70d0fcab,click,category_page,{'$date': '2025-06-18T00:07:20.794409Z'},record_256,,0.5,35,2
1d0c3e8df34d4e1780af654e,67c0a4b946527d4bf49e4843,click,category_page,{'$date': '2025-06-22T00:07:20.794414Z'},record_257,,0.5,35,37
1d0c3e8df34d4e1780af654e,67c0ce89c5fec55b70d0fcda,order,order_page,{'$date': '2025-06-09T09:48:37.114443Z'},record_258,,3.0,35,108
bd32e2c1bf1144379d552cb1,67c0ab3746527d4bf49e484e,click,category_page,{'$date': '2025-06-21T00:07:20.794433Z'},record_259,,0.5,36,113
bd32e2c1bf1144379d552cb1,67c0bd5e46527d4bf49e4886,click,category_page,{'$date': '2025-06-26T00:07:20.794437Z'},record_260,,0.5,36,71
bd32e2c1bf1144379d552cb1,67c0a94246527d4bf49e484b,click,category_page,{'$date': '2025-06-23T00:07:20.794440Z'},record_261,,0.5,36,114
bd32e2c1bf1144379d552cb1,67c0aa2146527d4bf49e484d,click,category_page,{'$date': '2025-06-22T00:07:20.794445Z'},record_262,,0.5,36,115
bd32e2c1bf1144379d552cb1,67c0caebc5fec55b70d0fcd0,click,category_page,{'$date': '2025-06-25T00:07:20.794448Z'},record_263,,0.5,36,55
bd32e2c1bf1144379d552cb1,67c0b5a446527d4bf49e4866,order,order_page,{'$date': '2025-06-06T09:48:37.114337Z'},record_264,,3.0,36,116
bd32e2c1bf1144379d552cb1,67c0cf80c5fec55b70d0fcdd,order,order_page,{'$date': '2025-06-06T09:48:37.114337Z'},record_265,,3.0,36,117
bd32e2c1bf1144379d552cb1,67c0a3a946527d4bf49e4840,order,order_page,{'$date': '2025-05-31T09:48:37.114897Z'},record_266,,3.0,36,32
bd32e2c1bf1144379d552cb1,67c0b1e9c5fec55b70d0fc9d,order,order_page,{'$date': '2025-05-31T09:48:37.114897Z'},record_267,,3.0,36,78
bd32e2c1bf1144379d552cb1,67c0cef1c5fec55b70d0fcdb,order,order_page,{'$date': '2025-05-31T09:48:37.114897Z'},record_268,,3.0,36,111
9e292a6376a14200943c4e8d,67c0a8d046527d4bf49e484a,click,category_page,{'$date': '2025-06-24T00:07:20.794468Z'},record_269,,0.5,37,118
9e292a6376a14200943c4e8d,67c0c07bc5fec55b70d0fcb9,click,category_page,{'$date': '2025-06-25T00:07:20.794474Z'},record_270,,0.5,37,36
9e292a6376a14200943c4e8d,67c0a4b946527d4bf49e4843,click,category_page,{'$date': '2025-06-26T00:07:20.794477Z'},record_271,,0.5,37,37
9e292a6376a14200943c4e8d,67c0b3bbc5fec55b70d0fca2,click,category_page,{'$date': '2025-06-22T00:07:20.794480Z'},record_272,,0.5,37,68
9e292a6376a14200943c4e8d,67c0b18cc5fec55b70d0fc9c,click,category_page,{'$date': '2025-06-20T00:07:20.794483Z'},record_273,,0.5,37,85
9e292a6376a14200943c4e8d,67c0baf246527d4bf49e487b,order,order_page,{'$date': '2025-06-22T09:48:37.113596Z'},record_274,,3.0,37,43
9e292a6376a14200943c4e8d,67c0c445c5fec55b70d0fcc1,order,order_page,{'$date': '2025-06-22T09:48:37.113596Z'},record_275,,3.0,37,29
9e292a6376a14200943c4e8d,67c0c78ec5fec55b70d0fcc9,order,order_page,{'$date': '2025-06-06T09:48:37.113714Z'},record_276,,3.0,37,92
9e292a6376a14200943c4e8d,67c0b43a46527d4bf49e4862,order,order_page,{'$date': '2025-06-15T09:48:37.113733Z'},record_277,,3.0,37,54
9e292a6376a14200943c4e8d,67c0a04a46527d4bf49e483c,order,order_page,{'$date': '2025-06-15T09:48:37.113733Z'},record_278,,3.0,37,11
8c2143e7dde248b3a935d1c5,67c0bd8bc5fec55b70d0fcaf,click,category_page,{'$date': '2025-06-21T00:07:20.794512Z'},record_279,,0.5,38,90
8c2143e7dde248b3a935d1c5,67c0b9b346527d4bf49e4875,click,category_page,{'$date': '2025-06-23T00:07:20.794515Z'},record_280,,0.5,38,52
8c2143e7dde248b3a935d1c5,67c0b2bac5fec55b70d0fc9f,click,category_page,{'$date': '2025-06-19T00:07:20.794518Z'},record_281,,0.5,38,8
8c2143e7dde248b3a935d1c5,67c0ac5846527d4bf49e4853,click,category_page,{'$date': '2025-06-19T00:07:20.794521Z'},record_282,,0.5,38,69
8c2143e7dde248b3a935d1c5,67c0a04a46527d4bf49e483c,order,order_page,{'$date': '2025-06-10T09:48:37.115363Z'},record_283,,3.0,38,11
563a48106d644650baf9a2f6,67c0b2ff46527d4bf49e485e,click,category_page,{'$date': '2025-06-23T00:07:20.794537Z'},record_284,,0.5,39,99
563a48106d644650baf9a2f6,67c0cc00c5fec55b70d0fcd3,click,category_page,{'$date': '2025-06-26T00:07:20.794541Z'},record_285,,0.5,39,119
563a48106d644650baf9a2f6,67c0b882c5fec55b70d0fcaa,click,category_page,{'$date': '2025-06-22T00:07:20.794545Z'},record_286,,0.5,39,72
563a48106d644650baf9a2f6,67c0b56b46527d4bf49e4865,click,category_page,{'$date': '2025-06-22T00:07:20.794549Z'},record_287,,0.5,39,19
563a48106d644650baf9a2f6,67c0b882c5fec55b70d0fcaa,order,order_page,{'$date': '2025-05-31T09:48:37.113404Z'},record_288,,3.0,39,72
9078cacf7f75455e811958dc,67c0ace146527d4bf49e4855,click,category_page,{'$date': '2025-06-27T00:07:20.794565Z'},record_289,,0.5,40,75
9078cacf7f75455e811958dc,67c0b95446527d4bf49e4873,click,category_page,{'$date': '2025-06-19T00:07:20.794570Z'},record_290,,0.5,40,86
9078cacf7f75455e811958dc,67c0b33646527d4bf49e485f,order,order_page,{'$date': '2025-06-15T09:48:37.113796Z'},record_291,,3.0,40,17
9078cacf7f75455e811958dc,67c0b01cc5fec55b70d0fc9b,order,order_page,{'$date': '2025-06-15T09:48:37.113796Z'},record_292,,3.0,40,38
9078cacf7f75455e811958dc,67c0b4f1c5fec55b70d0fca5,order,order_page,{'$date': '2025-06-15T09:48:37.113796Z'},record_293,,3.0,40,53
9078cacf7f75455e811958dc,67c0cb3ac5fec55b70d0fcd1,order,order_page,{'$date': '2025-05-28T09:48:37.113840Z'},record_294,,3.0,40,6
9078cacf7f75455e811958dc,67c0caebc5fec55b70d0fcd0,order,order_page,{'$date': '2025-05-28T09:48:37.113840Z'},record_295,,3.0,40,55
9078cacf7f75455e811958dc,67c0cceac5fec55b70d0fcd5,order,order_page,{'$date': '2025-05-28T09:48:37.113840Z'},record_296,,3.0,40,120
9078cacf7f75455e811958dc,67c0b73a46527d4bf49e486a,order,order_page,{'$date': '2025-06-06T09:48:37.114999Z'},record_297,,3.0,40,121
9078cacf7f75455e811958dc,67c0c354c5fec55b70d0fcbf,order,order_page,{'$date': '2025-06-06T09:48:37.114999Z'},record_298,,3.0,40,104
dbd759e60da04a7785f8bf2e,67c0b9e846527d4bf49e4876,click,category_page,{'$date': '2025-06-23T00:07:20.794592Z'},record_299,,0.5,41,35
dbd759e60da04a7785f8bf2e,67c0d16fc5fec55b70d0fce3,click,category_page,{'$date': '2025-06-22T00:07:20.794595Z'},record_300,,0.5,41,79
dbd759e60da04a7785f8bf2e,67c0cf25c5fec55b70d0fcdc,click,category_page,{'$date': '2025-06-26T00:07:20.794599Z'},record_301,,0.5,41,33
dbd759e60da04a7785f8bf2e,67c0bed0c5fec55b70d0fcb4,order,order_page,{'$date': '2025-06-21T09:48:37.116200Z'},record_302,,3.0,41,5
34b44c31e047408dbae52cd1,67c0b97f46527d4bf49e4874,click,category_page,{'$date': '2025-06-26T00:07:20.794615Z'},record_303,,0.5,42,49
34b44c31e047408dbae52cd1,67c0b95446527d4bf49e4873,click,category_page,{'$date': '2025-06-20T00:07:20.794619Z'},record_304,,0.5,42,86
34b44c31e047408dbae52cd1,67c0ace146527d4bf49e4855,click,category_page,{'$date': '2025-06-25T00:07:20.794622Z'},record_305,,0.5,42,75
34b44c31e047408dbae52cd1,67c0a59446527d4bf49e4845,click,category_page,{'$date': '2025-06-21T00:07:20.794626Z'},record_306,,0.5,42,122
34b44c31e047408dbae52cd1,67c0b495c5fec55b70d0fca4,order,order_page,{'$date': '2025-06-19T09:48:37.114166Z'},record_307,,3.0,42,123
34b44c31e047408dbae52cd1,67c0ac5846527d4bf49e4853,order,order_page,{'$date': '2025-06-19T09:48:37.114166Z'},record_308,,3.0,42,69
34b44c31e047408dbae52cd1,67c0b278c5fec55b70d0fc9e,order,order_page,{'$date': '2025-06-19T09:48:37.114166Z'},record_309,,3.0,42,65
d55f17fb3957468b9f4fffa1,67c0abb046527d4bf49e4850,click,category_page,{'$date': '2025-06-24T00:07:20.794645Z'},record_310,,0.5,43,80
d55f17fb3957468b9f4fffa1,67c0b5a446527d4bf49e4866,click,category_page,{'$date': '2025-06-20T00:07:20.794649Z'},record_311,,0.5,43,116
d55f17fb3957468b9f4fffa1,67c0bc7d46527d4bf49e4882,click,category_page,{'$date': '2025-06-19T00:07:20.794652Z'},record_312,,0.5,43,15
d55f17fb3957468b9f4fffa1,67c0b8eb46527d4bf49e4871,click,category_page,{'$date': '2025-06-18T00:07:20.794655Z'},record_313,,0.5,43,42
d55f17fb3957468b9f4fffa1,67c0a5e246527d4bf49e4846,click,category_page,{'$date': '2025-06-22T00:07:20.794660Z'},record_314,,0.5,43,63
d55f17fb3957468b9f4fffa1,67c0cceac5fec55b70d0fcd5,order,order_page,{'$date': '2025-06-23T09:48:37.115402Z'},record_315,,3.0,43,120
d55f17fb3957468b9f4fffa1,67c0bd5e46527d4bf49e4886,order,order_page,{'$date': '2025-06-23T09:48:37.115402Z'},record_316,,3.0,43,71
7b8e8a35a025479d9d3927a9,67c0ad1b46527d4bf49e4856,click,category_page,{'$date': '2025-06-19T00:07:20.794685Z'},record_317,,0.5,44,44
7b8e8a35a025479d9d3927a9,67c0c878c5fec55b70d0fcca,click,category_page,{'$date': '2025-06-27T00:07:20.794690Z'},record_318,,0.5,44,25
7b8e8a35a025479d9d3927a9,67c0ad1b46527d4bf49e4856,click,category_page,{'$date': '2025-06-22T00:07:20.794694Z'},record_319,,0.5,44,44
7b8e8a35a025479d9d3927a9,67c0b43a46527d4bf49e4862,order,order_page,{'$date': '2025-06-15T09:48:37.115423Z'},record_320,,3.0,44,54
7b8e8a35a025479d9d3927a9,67c0b2ff46527d4bf49e485e,order,order_page,{'$date': '2025-06-15T09:48:37.115423Z'},record_321,,3.0,44,99
7b8e8a35a025479d9d3927a9,67c0bb9f46527d4bf49e487e,order,order_page,{'$date': '2025-06-15T09:48:37.115423Z'},record_322,,3.0,44,22
fa86ca1afa7c48489680f60e,67c0d0b4c5fec55b70d0fce0,click,category_page,{'$date': '2025-06-18T00:07:20.794731Z'},record_323,,0.5,45,74
fa86ca1afa7c48489680f60e,67c0bf1ac5fec55b70d0fcb5,click,category_page,{'$date': '2025-06-26T00:07:20.794741Z'},record_324,,0.5,45,62
fa86ca1afa7c48489680f60e,67c0b6fc46527d4bf49e4869,click,category_page,{'$date': '2025-06-26T00:07:20.794746Z'},record_325,,0.5,45,124
fa86ca1afa7c48489680f60e,67c0abe646527d4bf49e4851,click,category_page,{'$date': '2025-06-18T00:07:20.794750Z'},record_326,,0.5,45,60
fa86ca1afa7c48489680f60e,67c0cc00c5fec55b70d0fcd3,order,order_page,{'$date': '2025-06-21T09:48:37.113328Z'},record_327,,3.0,45,119
fa86ca1afa7c48489680f60e,67c0bdc5c5fec55b70d0fcb0,order,order_page,{'$date': '2025-06-03T09:48:37.114634Z'},record_328,,3.0,45,125
9312a67848a244eda657b6a2,67c0b96dc5fec55b70d0fcad,click,category_page,{'$date': '2025-06-27T00:07:20.794770Z'},record_329,,0.5,46,3
9312a67848a244eda657b6a2,67c0b5a446527d4bf49e4866,click,category_page,{'$date': '2025-06-27T00:07:20.794773Z'},record_330,,0.5,46,116
9312a67848a244eda657b6a2,67c0b300c5fec55b70d0fca0,click,category_page,{'$date': '2025-06-19T00:07:20.794777Z'},record_331,,0.5,46,126
9312a67848a244eda657b6a2,67c0c07bc5fec55b70d0fcb9,order,order_page,{'$date': '2025-05-29T09:48:37.113426Z'},record_332,,3.0,46,36
9312a67848a244eda657b6a2,67c0c03dc5fec55b70d0fcb8,order,order_page,{'$date': '2025-05-29T09:48:37.113426Z'},record_333,,3.0,46,127
6330a248a3804a868089fe04,67c0a32346527d4bf49e483e,click,category_page,{'$date': '2025-06-26T00:07:20.794795Z'},record_334,,0.5,47,30
6330a248a3804a868089fe04,67c0c878c5fec55b70d0fcca,click,category_page,{'$date': '2025-06-19T00:07:20.794799Z'},record_335,,0.5,47,25
6330a248a3804a868089fe04,67c0ba1846527d4bf49e4877,click,category_page,{'$date': '2025-06-20T00:07:20.794802Z'},record_336,,0.5,47,103
6330a248a3804a868089fe04,67c0a04a46527d4bf49e483c,click,category_page,{'$date': '2025-06-24T00:07:20.794805Z'},record_337,,0.5,47,11
6330a248a3804a868089fe04,67c0bbd346527d4bf49e487f,click,category_page,{'$date': '2025-06-24T00:07:20.794810Z'},record_338,,0.5,47,128
6330a248a3804a868089fe04,67c0d0b4c5fec55b70d0fce0,order,order_page,{'$date': '2025-06-17T09:48:37.115258Z'},record_339,,3.0,47,74
6330a248a3804a868089fe04,67c0a4b946527d4bf49e4843,order,order_page,{'$date': '2025-06-17T09:48:37.115258Z'},record_340,,3.0,47,37
6330a248a3804a868089fe04,67c0b278c5fec55b70d0fc9e,order,order_page,{'$date': '2025-06-17T09:48:37.115258Z'},record_341,,3.0,47,65
3e43d032de774bd787a5318b,67c0a40d46527d4bf49e4841,click,category_page,{'$date': '2025-06-24T00:07:20.794829Z'},record_342,,0.5,48,95
3e43d032de774bd787a5318b,67c0d0b4c5fec55b70d0fce0,click,category_page,{'$date': '2025-06-22T00:07:20.794833Z'},record_343,,0.5,48,74
3e43d032de774bd787a5318b,67c0ab7446527d4bf49e484f,order,order_page,{'$date': '2025-06-07T09:48:37.113468Z'},record_344,,3.0,48,129
3e43d032de774bd787a5318b,67c0bc0e46527d4bf49e4880,order,order_page,{'$date': '2025-06-07T09:48:37.113675Z'},record_345,,3.0,48,83
e414fd7b8dac4e59affe7d3d,67c0c3c0c5fec55b70d0fcc0,click,category_page,{'$date': '2025-06-27T00:07:20.794850Z'},record_346,,0.5,49,130
e414fd7b8dac4e59affe7d3d,67c0b6c146527d4bf49e4868,click,category_page,{'$date': '2025-06-27T00:07:20.794853Z'},record_347,,0.5,49,57
e414fd7b8dac4e59affe7d3d,67c0b9b346527d4bf49e4875,order,order_page,{'$date': '2025-06-18T09:48:37.115180Z'},record_348,,3.0,49,52
e414fd7b8dac4e59affe7d3d,67c0b8eb46527d4bf49e4871,order,order_page,{'$date': '2025-06-18T09:48:37.115180Z'},record_349,,3.0,49,42
e414fd7b8dac4e59affe7d3d,67c0add446527d4bf49e4858,order,order_page,{'$date': '2025-06-18T09:48:37.115180Z'},record_350,,3.0,49,131
e414fd7b8dac4e59affe7d3d,67c0b2bac5fec55b70d0fc9f,order,order_page,{'$date': '2025-06-15T09:48:37.115631Z'},record_351,,3.0,49,8
e414fd7b8dac4e59affe7d3d,67c0c5b2c5fec55b70d0fcc5,order,order_page,{'$date': '2025-06-15T09:48:37.115631Z'},record_352,,3.0,49,107
40d72b17f24c4cfe93c30ef9,67c0b7fb46527d4bf49e486d,click,category_page,{'$date': '2025-06-18T00:07:20.794874Z'},record_353,,0.5,50,87
40d72b17f24c4cfe93c30ef9,67c0c2bdc5fec55b70d0fcbe,click,category_page,{'$date': '2025-06-20T00:07:20.794879Z'},record_354,,0.5,50,45
40d72b17f24c4cfe93c30ef9,67c0b882c5fec55b70d0fcaa,click,category_page,{'$date': '2025-06-25T00:07:20.794882Z'},record_355,,0.5,50,72
40d72b17f24c4cfe93c30ef9,67c0be8cc5fec55b70d0fcb3,order,order_page,{'$date': '2025-06-13T09:48:37.114814Z'},record_356,,3.0,50,132
40d72b17f24c4cfe93c30ef9,67c0c354c5fec55b70d0fcbf,order,order_page,{'$date': '2025-06-13T09:48:37.114814Z'},record_357,,3.0,50,104
40d72b17f24c4cfe93c30ef9,67c0cc00c5fec55b70d0fcd3,order,order_page,{'$date': '2025-06-13T09:48:37.114814Z'},record_358,,3.0,50,119
1c1617963e764b8095c385ce,67c0a8d046527d4bf49e484a,click,category_page,{'$date': '2025-06-25T00:07:20.794901Z'},record_359,,0.5,51,118
1c1617963e764b8095c385ce,67c0bc4646527d4bf49e4881,click,category_page,{'$date': '2025-06-20T00:07:20.794905Z'},record_360,,0.5,51,133
1c1617963e764b8095c385ce,67c0a68146527d4bf49e4848,click,category_page,{'$date': '2025-06-27T00:07:20.794908Z'},record_361,,0.5,51,31
1c1617963e764b8095c385ce,67c0a40d46527d4bf49e4841,order,order_page,{'$date': '2025-06-05T09:48:37.113896Z'},record_362,,3.0,51,95
1c1617963e764b8095c385ce,67c0c878c5fec55b70d0fcca,order,order_page,{'$date': '2025-06-05T09:48:37.113896Z'},record_363,,3.0,51,25
1c1617963e764b8095c385ce,67c0b9b346527d4bf49e4875,order,order_page,{'$date': '2025-06-01T09:48:37.114088Z'},record_364,,3.0,51,52
1c1617963e764b8095c385ce,67c0d0b4c5fec55b70d0fce0,order,order_page,{'$date': '2025-06-01T09:48:37.114088Z'},record_365,,3.0,51,74
1c1617963e764b8095c385ce,67c0c07bc5fec55b70d0fcb9,order,order_page,{'$date': '2025-06-01T09:48:37.114088Z'},record_366,,3.0,51,36
1c1617963e764b8095c385ce,67c0b43a46527d4bf49e4862,order,order_page,{'$date': '2025-06-23T09:48:37.114748Z'},record_367,,3.0,51,54
1c1617963e764b8095c385ce,67c0b20046527d4bf49e485b,order,order_page,{'$date': '2025-06-23T09:48:37.114748Z'},record_368,,3.0,51,134
0813357db70b45199f880560,67c0add446527d4bf49e4858,click,category_page,{'$date': '2025-06-19T00:07:20.794929Z'},record_369,,0.5,52,131
0813357db70b45199f880560,67c0caebc5fec55b70d0fcd0,click,category_page,{'$date': '2025-06-21T00:07:20.794933Z'},record_370,,0.5,52,55
0813357db70b45199f880560,67c0a3a946527d4bf49e4840,click,category_page,{'$date': '2025-06-21T00:07:20.794936Z'},record_371,,0.5,52,32
0813357db70b45199f880560,67c0d103c5fec55b70d0fce1,click,category_page,{'$date': '2025-06-18T00:07:20.794939Z'},record_372,,0.5,52,135
0813357db70b45199f880560,67c0aa2146527d4bf49e484d,order,order_page,{'$date': '2025-06-16T09:48:37.113977Z'},record_373,,3.0,52,115
0813357db70b45199f880560,67c0b300c5fec55b70d0fca0,order,order_page,{'$date': '2025-06-16T09:48:37.113977Z'},record_374,,3.0,52,126
0813357db70b45199f880560,67c0cc00c5fec55b70d0fcd3,order,order_page,{'$date': '2025-06-11T09:48:37.114043Z'},record_375,,3.0,52,119
0813357db70b45199f880560,67c0c54dc5fec55b70d0fcc4,order,order_page,{'$date': '2025-06-11T09:48:37.114043Z'},record_376,,3.0,52,91
0813357db70b45199f880560,67c0c6bbc5fec55b70d0fcc8,order,order_page,{'$date': '2025-06-20T09:48:37.114553Z'},record_377,,3.0,52,82
0813357db70b45199f880560,67c0b278c5fec55b70d0fc9e,order,order_page,{'$date': '2025-06-20T09:48:37.114553Z'},record_378,,3.0,52,65
8eb4a2ec38054bcaa4c4d3ad,67c0b663c5fec55b70d0fca7,click,category_page,{'$date': '2025-06-24T00:07:20.794960Z'},record_379,,0.5,53,100
8eb4a2ec38054bcaa4c4d3ad,67c0d103c5fec55b70d0fce1,click,category_page,{'$date': '2025-06-20T00:07:20.794964Z'},record_380,,0.5,53,135
8eb4a2ec38054bcaa4c4d3ad,67c0c65dc5fec55b70d0fcc7,click,category_page,{'$date': '2025-06-26T00:07:20.794969Z'},record_381,,0.5,53,102
8eb4a2ec38054bcaa4c4d3ad,67c0caebc5fec55b70d0fcd0,order,order_page,{'$date': '2025-06-01T09:48:37.114235Z'},record_382,,3.0,53,55
8eb4a2ec38054bcaa4c4d3ad,67c0b73a46527d4bf49e486a,order,order_page,{'$date': '2025-06-01T09:48:37.114235Z'},record_383,,3.0,53,121
8eb4a2ec38054bcaa4c4d3ad,67c0baf246527d4bf49e487b,order,order_page,{'$date': '2025-06-01T09:48:37.114235Z'},record_384,,3.0,53,43
8eb4a2ec38054bcaa4c4d3ad,67c0a4b946527d4bf49e4843,order,order_page,{'$date': '2025-06-16T09:48:37.115535Z'},record_385,,3.0,53,37
2d5354e056464b39b6698e67,67c0b495c5fec55b70d0fca4,click,category_page,{'$date': '2025-06-27T00:07:20.794989Z'},record_386,,0.5,54,123
2d5354e056464b39b6698e67,67c0c1e1c5fec55b70d0fcbc,click,category_page,{'$date': '2025-06-19T00:07:20.794992Z'},record_387,,0.5,54,59
2d5354e056464b39b6698e67,67c0cf25c5fec55b70d0fcdc,click,category_page,{'$date': '2025-06-24T00:07:20.794995Z'},record_388,,0.5,54,33
2d5354e056464b39b6698e67,67c0b19b46527d4bf49e485a,order,order_page,{'$date': '2025-06-15T09:48:37.113632Z'},record_389,,3.0,54,105
2d5354e056464b39b6698e67,67c0b278c5fec55b70d0fc9e,order,order_page,{'$date': '2025-06-09T09:48:37.114197Z'},record_390,,3.0,54,65
2d5354e056464b39b6698e67,67c0a04a46527d4bf49e483c,order,order_page,{'$date': '2025-06-06T09:48:37.114257Z'},record_391,,3.0,54,11
7c342c717c7e417c983fa546,67c0bd8bc5fec55b70d0fcaf,click,category_page,{'$date': '2025-06-20T00:07:20.795014Z'},record_392,,0.5,55,90
7c342c717c7e417c983fa546,67c0b96dc5fec55b70d0fcad,click,category_page,{'$date': '2025-06-24T00:07:20.795017Z'},record_393,,0.5,55,3
7c342c717c7e417c983fa546,67c0b83c46527d4bf49e486e,click,category_page,{'$date': '2025-06-18T00:07:20.795021Z'},record_394,,0.5,55,93
7260d7881523415184971913,67c0b73a46527d4bf49e486a,click,category_page,{'$date': '2025-06-25T00:07:20.795035Z'},record_395,,0.5,56,121
7260d7881523415184971913,67c0a8d046527d4bf49e484a,click,category_page,{'$date': '2025-06-21T00:07:20.795038Z'},record_396,,0.5,56,118
7260d7881523415184971913,67c0c1e1c5fec55b70d0fcbc,click,category_page,{'$date': '2025-06-21T00:07:20.795043Z'},record_397,,0.5,56,59
7260d7881523415184971913,67c0caebc5fec55b70d0fcd0,click,category_page,{'$date': '2025-06-21T00:07:20.795046Z'},record_398,,0.5,56,55
7260d7881523415184971913,67c0b73a46527d4bf49e486a,order,order_page,{'$date': '2025-06-17T09:48:37.114533Z'},record_399,,3.0,56,121
7260d7881523415184971913,67c0b20046527d4bf49e485b,order,order_page,{'$date': '2025-06-17T09:48:37.114533Z'},record_400,,3.0,56,134
7260d7881523415184971913,67c0b926c5fec55b70d0fcac,order,order_page,{'$date': '2025-06-15T09:48:37.115226Z'},record_401,,3.0,56,136
7260d7881523415184971913,67c0c2bdc5fec55b70d0fcbe,order,order_page,{'$date': '2025-06-08T09:48:37.115344Z'},record_402,,3.0,56,45
9bc13516adfe43a180f4ad25,67c0ba5946527d4bf49e4878,click,category_page,{'$date': '2025-06-24T00:07:20.795067Z'},record_403,,0.5,57,112
9bc13516adfe43a180f4ad25,67c0b6fc46527d4bf49e4869,click,category_page,{'$date': '2025-06-20T00:07:20.795071Z'},record_404,,0.5,57,124
9bc13516adfe43a180f4ad25,67c0c4abc5fec55b70d0fcc2,click,category_page,{'$date': '2025-06-18T00:07:20.795074Z'},record_405,,0.5,57,34
9bc13516adfe43a180f4ad25,67c0b3bbc5fec55b70d0fca2,order,order_page,{'$date': '2025-06-05T09:48:37.114614Z'},record_406,,3.0,57,68
9bc13516adfe43a180f4ad25,67c0c445c5fec55b70d0fcc1,order,order_page,{'$date': '2025-06-05T09:48:37.114614Z'},record_407,,3.0,57,29
c30b057eb5d24fe09517c62a,67c0add446527d4bf49e4858,click,category_page,{'$date': '2025-06-20T00:07:20.795090Z'},record_408,,0.5,58,131
c30b057eb5d24fe09517c62a,67c0a99746527d4bf49e484c,click,category_page,{'$date': '2025-06-27T00:07:20.795093Z'},record_409,,0.5,58,137
c30b057eb5d24fe09517c62a,67c0bb6c46527d4bf49e487d,click,category_page,{'$date': '2025-06-20T00:07:20.795096Z'},record_410,,0.5,58,48
c30b057eb5d24fe09517c62a,67c0c8f0c5fec55b70d0fccb,click,category_page,{'$date': '2025-06-19T00:07:20.795100Z'},record_411,,0.5,58,50
c30b057eb5d24fe09517c62a,67c0cef1c5fec55b70d0fcdb,order,order_page,{'$date': '2025-06-14T09:48:37.114419Z'},record_412,,3.0,58,111
c30b057eb5d24fe09517c62a,67c0b7bb46527d4bf49e486c,order,order_page,{'$date': '2025-06-14T09:48:37.114419Z'},record_413,,3.0,58,138
c30b057eb5d24fe09517c62a,67c0a5e246527d4bf49e4846,order,order_page,{'$date': '2025-06-14T09:48:37.114419Z'},record_414,,3.0,58,63
b6fd0e31fb664cbcbda5de13,67c0b7d2c5fec55b70d0fca9,click,category_page,{'$date': '2025-06-21T00:07:20.795119Z'},record_415,,0.5,59,64
b6fd0e31fb664cbcbda5de13,67c0a3a946527d4bf49e4840,click,category_page,{'$date': '2025-06-21T00:07:20.795122Z'},record_416,,0.5,59,32
b6fd0e31fb664cbcbda5de13,67c0cd30c5fec55b70d0fcd6,click,category_page,{'$date': '2025-06-27T00:07:20.795125Z'},record_417,,0.5,59,77
b6fd0e31fb664cbcbda5de13,67c0a53446527d4bf49e4844,click,category_page,{'$date': '2025-06-18T00:07:20.795130Z'},record_418,,0.5,59,94
b6fd0e31fb664cbcbda5de13,67c0c6bbc5fec55b70d0fcc8,order,order_page,{'$date': '2025-06-14T09:48:37.115138Z'},record_419,,3.0,59,82
b6fd0e31fb664cbcbda5de13,67c0a14646527d4bf49e483d,order,order_page,{'$date': '2025-06-14T09:48:37.115138Z'},record_420,,3.0,59,20
b6fd0e31fb664cbcbda5de13,67c0c99ac5fec55b70d0fccd,order,order_page,{'$date': '2025-06-14T09:48:37.115138Z'},record_421,,3.0,59,51
15220e85cba14d259ff36c5b,67c0b6c146527d4bf49e4868,click,category_page,{'$date': '2025-06-25T00:07:20.795148Z'},record_422,,0.5,60,57
15220e85cba14d259ff36c5b,67c0ce89c5fec55b70d0fcda,click,category_page,{'$date': '2025-06-19T00:07:20.795151Z'},record_423,,0.5,60,108
15220e85cba14d259ff36c5b,67c0cef1c5fec55b70d0fcdb,order,order_page,{'$date': '2025-06-15T09:48:37.113937Z'},record_424,,3.0,60,111
15220e85cba14d259ff36c5b,67c0b18cc5fec55b70d0fc9c,order,order_page,{'$date': '2025-06-09T09:48:37.114277Z'},record_425,,3.0,60,85
15220e85cba14d259ff36c5b,67c0c445c5fec55b70d0fcc1,order,order_page,{'$date': '2025-06-21T09:48:37.115578Z'},record_426,,3.0,60,29
15220e85cba14d259ff36c5b,67c0ab3746527d4bf49e484e,order,order_page,{'$date': '2025-06-21T09:48:37.115578Z'},record_427,,3.0,60,113
15220e85cba14d259ff36c5b,67c0c878c5fec55b70d0fcca,order,order_page,{'$date': '2025-06-21T09:48:37.115578Z'},record_428,,3.0,60,25
a5118cb6233d44c5b5b48b52,67c0ad1b46527d4bf49e4856,click,category_page,{'$date': '2025-06-19T00:07:20.795171Z'},record_429,,0.5,61,44
a5118cb6233d44c5b5b48b52,67c0bd8bc5fec55b70d0fcaf,click,category_page,{'$date': '2025-06-20T00:07:20.795174Z'},record_430,,0.5,61,90
a5118cb6233d44c5b5b48b52,67c0a4b946527d4bf49e4843,click,category_page,{'$date': '2025-06-19T00:07:20.795177Z'},record_431,,0.5,61,37
a5118cb6233d44c5b5b48b52,67c0ca83c5fec55b70d0fccf,click,category_page,{'$date': '2025-06-24T00:07:20.795180Z'},record_432,,0.5,61,98
a5118cb6233d44c5b5b48b52,67c0a32346527d4bf49e483e,click,category_page,{'$date': '2025-06-21T00:07:20.795184Z'},record_433,,0.5,61,30
a5118cb6233d44c5b5b48b52,67c0b91e46527d4bf49e4872,order,order_page,{'$date': '2025-06-11T09:48:37.113509Z'},record_434,,3.0,61,139
a5118cb6233d44c5b5b48b52,67c0ca12c5fec55b70d0fcce,order,order_page,{'$date': '2025-06-11T09:48:37.113509Z'},record_435,,3.0,61,84
a5118cb6233d44c5b5b48b52,67c0b300c5fec55b70d0fca0,order,order_page,{'$date': '2025-06-11T09:48:37.113509Z'},record_436,,3.0,61,126
